record_id,human_title_abstract,human_final,chatgpt_title_abstract,gemini_title_abstract,chatgpt_full_text_tf,gemini_full_text_tf,chatgpt_title_abstract_missing,gemini_title_abstract_missing,chatgpt_full_text_tf_missing,gemini_full_text_tf_missing
SR3-6247a5d43969376b,0,0,0,0,0,0,0,0,1,1
SR3-e0972be820f011e9,1,1,1,1,1,1,0,0,0,0
SR3-8c3960c9575bb6a2,0,0,1,0,1,0,0,0,0,0
SR3-f497c8c81aedea90,0,0,1,1,0,0,0,0,0,0
SR3-11c0668215cdef6a,0,0,0,0,0,0,0,0,1,1
SR3-bbf4371d640a0c0a,0,0,1,1,0,0,0,0,1,1
SR3-a84e7251adce2713,0,0,1,1,1,1,0,0,0,0
SR3-f3b69f7b57f946b0,0,0,0,0,0,0,0,0,1,1
SR3-4b8499b6e50920a4,0,0,0,0,0,0,0,0,1,1
SR3-75485a8d3d7cadbb,0,0,0,0,0,0,0,0,1,1
SR3-1c40bacc41aec67d,0,0,1,1,1,1,0,0,0,0
SR3-0bb3d50f8840a05d,0,0,0,0,0,0,0,0,1,1
SR3-44ad9ca0673c1455,0,0,0,0,0,0,0,0,1,1
SR3-d55643a7b185229a,0,0,0,0,0,0,0,0,1,1
SR3-3a4270a210c9359e,1,1,1,1,1,1,0,0,0,0
SR3-d30295fa76f0ff65,0,0,1,1,1,1,0,0,0,0
SR3-4c55c28613870cd9,0,0,1,0,0,0,0,0,0,0
SR3-fe0c143b74329af5,0,0,1,0,0,0,0,0,0,0
SR3-31a8a0926a62da1b,0,0,0,0,0,0,0,0,1,1
SR3-dc4d1b8743c849be,0,0,0,0,0,0,0,0,1,1
SR3-8e01e6280f25ecb6,0,0,0,0,0,0,0,0,1,1
SR3-ed5826ceb988bd2c,0,0,1,0,0,0,0,0,1,1
SR3-2cf3e9e496793de8,0,0,0,0,0,0,0,0,1,1
SR3-5500e3a96bb4ab2c,0,0,1,1,0,0,0,0,1,1
SR3-f8222c6edb1c23db,0,0,0,0,0,0,0,0,1,1
SR3-4f8bc61ac7b5076a,0,0,1,0,0,0,0,0,0,0
SR3-edd485921786ed2d,0,0,0,1,0,0,0,0,1,1
SR3-a69120967e8e477c,1,1,1,1,1,1,0,0,0,0
SR3-1151f21e83554a45,0,0,0,0,0,0,0,0,1,1
SR3-e5aeffdabc60fa14,0,0,1,0,0,0,0,0,1,1
SR3-a95f9a5fe06abf6c,0,0,0,0,0,0,0,0,1,1
SR3-6e7d6b6d4d602e1d,0,0,0,0,0,0,0,0,1,1
SR3-3c2f655af32548a5,0,0,0,0,0,0,0,0,1,1
SR3-024bac30f052ce7c,0,0,0,0,0,0,0,0,1,1
SR3-394e33ace7e83558,1,1,1,1,1,1,0,0,0,0
SR3-22b109c805dd6193,0,0,0,0,0,0,0,0,1,1
SR3-c6a463d4888a7441,0,0,1,1,1,0,0,0,0,0
SR3-f23cbae99a1df73d,0,0,0,0,0,0,0,0,1,1
SR3-87b7f3a6326b61bf,0,0,1,1,0,0,0,0,1,1
SR3-986b812baf980777,1,1,1,1,1,1,0,0,0,0
SR3-5931b275e5dda28a,0,0,0,0,0,0,0,0,1,1
SR3-1690883d0c576b47,1,1,1,1,0,0,0,0,1,1
SR3-fc3eb2f6d00269ac,0,0,0,0,0,0,0,0,1,1
SR3-7d96810b1712c7f3,0,0,1,0,0,0,0,0,1,1
SR3-40a329b2ca40f3d1,0,0,0,1,0,0,0,0,1,1
SR3-085e7240cba54fad,0,0,1,1,1,0,0,0,0,0
SR3-2244f3298f7b891a,0,0,0,0,0,0,0,0,1,1
SR3-94dafb77cec5a0fe,0,0,1,1,0,0,0,0,1,1
SR3-76fa6e2f1ae4c110,1,1,1,1,1,1,0,0,0,0
SR3-baea5591e8eb8287,0,0,1,0,1,0,0,0,0,0
SR3-460949243dc8832d,0,0,1,0,0,0,0,0,1,1
SR3-04fa2268dc7fb67b,0,0,0,0,0,0,0,0,1,1
SR3-744c478672459961,0,0,0,0,0,0,0,0,1,1
SR3-9622598fdf2e5a77,0,0,0,0,0,0,0,0,1,1
SR3-cf98ff1f256afbf4,1,1,1,1,0,0,0,0,1,1
SR3-82b3e7945f8b14b7,0,0,0,0,0,0,0,0,1,1
SR3-1984b11613535d2b,0,0,0,0,0,0,0,0,1,1
SR3-af7bccc9c2358ce2,0,0,0,0,0,0,0,0,1,1
SR3-cc1b3680c0a1efc3,1,1,1,1,1,1,0,0,0,0
SR3-0e9b3aff38e16e72,0,0,0,0,0,0,0,0,1,1
SR3-1dda084653fb7d97,0,0,1,1,0,0,0,0,1,1
SR3-5aee93371ec79054,0,0,0,0,0,0,0,0,1,1
SR3-f5eae8e0238e8efe,0,0,1,1,0,0,0,0,1,1
SR3-57fd68d75aed76da,0,0,1,1,0,0,0,0,1,1
SR3-9f7880d7c8bbaea2,0,0,0,1,0,0,0,0,1,1
SR3-53033393d7c175c3,0,0,0,0,0,0,0,0,1,1
SR3-49d25f03ae582e60,0,0,0,0,0,0,0,0,1,1
SR3-17683f918cffd0f0,0,0,0,0,0,0,0,0,1,1
SR3-7524ec03b53b62a6,1,1,1,1,1,1,0,0,0,0
SR3-4496233ebaeebc3b,1,0,1,1,0,0,0,0,1,1
SR3-8e25f828f4ba05c4,0,0,0,0,0,0,0,0,1,1
SR3-7f96958cf1b919d8,1,0,1,1,1,1,0,0,0,0
SR3-35891b0e7c518caa,0,0,1,1,1,1,0,0,0,0
SR3-c8832b23fd928103,0,0,0,0,0,0,0,0,1,1
SR3-21e96faeed0ddd7a,1,1,1,1,1,1,0,0,0,0
SR3-eb639b1d52bd4b61,0,0,1,0,0,0,0,0,0,0
SR3-c54f44af057758e8,0,0,1,1,0,0,0,0,1,1
SR3-9c3862cf747c2303,0,0,0,0,0,0,0,0,1,1
SR3-698f21be2a217e79,0,0,0,0,0,0,0,0,1,1
SR3-9b6331b238c07d2d,0,0,1,1,0,0,0,0,1,1
SR3-92a9876c119f4d7b,0,0,1,1,1,1,0,0,0,0
SR3-8a2057850c46f80f,0,0,0,0,0,0,0,0,1,1
SR3-e45005e5b1a02c03,0,0,1,1,1,1,0,0,0,0
SR3-ff0721b54b8fcf24,0,0,1,0,0,0,0,0,0,0
SR3-5edf96abdf2afc80,0,0,0,0,0,0,0,0,1,1
SR3-41e2325eeb900b73,0,0,0,1,0,0,0,0,1,1
SR3-5d4aecda579bc13a,0,0,1,1,0,0,0,0,1,1
SR3-c53c63669c7396ab,0,0,0,0,0,0,0,0,1,1
SR3-02beb738f9231289,0,0,1,1,0,0,0,0,1,1
SR3-f68a8ab1c712dca6,0,0,0,0,0,0,0,0,1,1
SR3-92acd443ee49c4d3,0,0,0,1,0,0,0,0,1,1
SR3-6a85cfe6bb763b9a,0,0,1,1,1,1,0,0,0,0
SR3-15538522f9fc8c1a,0,0,0,0,0,0,0,0,1,1
SR3-715acacbf4cf8cb8,0,0,0,0,0,0,0,0,1,1
SR3-703b68db2e6a4d95,0,0,0,0,0,0,0,0,1,1
SR3-10cbe58ed88ab2b4,0,0,0,0,0,0,0,0,1,1
SR3-fcdcbed2868bd67c,0,0,0,1,0,0,0,0,1,1
SR3-0d01aee6c790e1aa,0,0,0,0,0,0,0,0,1,1
SR3-3bf581c4aca25477,0,0,0,0,0,0,0,0,1,1
SR3-23e6acd27a8e3f0a,0,0,1,1,1,1,0,0,0,0
SR3-3e19da7ed87e562f,1,0,1,1,1,1,0,0,0,0
SR3-13532c9c3b696baf,0,0,0,0,0,0,0,0,1,1
SR3-26a7f70ffddfb206,1,0,1,1,0,0,0,0,1,1
SR3-003596d5ef37352a,0,0,0,0,0,0,0,0,1,1
SR3-4a01a656d0b9b42e,0,0,0,0,0,0,0,0,1,1
SR3-fe3842987a308f3c,1,1,1,1,1,1,0,0,0,0
SR3-4263efb461be6875,0,0,0,0,0,0,0,0,1,1
SR3-06f92c1c7b1d4d90,1,0,1,0,0,0,0,0,1,1
SR3-3797bc18fd8fea69,1,1,1,1,1,1,0,0,0,0
SR3-ad0092d45efaa8d6,1,1,1,1,1,1,0,0,0,0
SR3-8e5175e85c1a932e,0,0,0,0,0,0,0,0,1,1
SR3-5040ccaf7b702d9a,0,0,0,0,0,0,0,0,1,1
SR3-8ae98bf51835c354,0,0,1,1,1,0,0,0,0,0
SR3-8de6a1dd87a6af87,0,0,0,0,0,0,0,0,1,1
SR3-9520e5a1f1814280,1,0,1,1,1,1,0,0,0,0
SR3-aadce645141b1bbc,0,0,0,0,0,0,0,0,1,1
SR3-839160a4ccad89f6,1,1,1,1,1,1,0,0,0,0
SR3-4472f6e1e413a71c,0,0,0,0,0,0,0,0,1,1
SR3-5eec08da5c8a2458,0,0,0,0,0,0,0,0,1,1
SR3-4919f7256d2d3eb0,0,0,0,0,0,0,0,0,1,1
SR3-239287cbd7ac432c,0,0,0,0,0,0,0,0,1,1
SR3-8e8fea9aed2705a5,0,0,1,0,0,1,0,0,0,0
SR3-b066ed2fbb10160f,0,0,1,1,1,1,0,0,0,0
SR3-57af2b53e448bd11,0,0,1,1,1,1,0,0,0,0
SR3-09f9df5782ba7cf5,0,0,0,1,0,0,0,0,1,1
SR3-472cbc7328735649,0,0,0,0,0,0,0,0,1,1
SR3-9444b4d5d0fb578f,0,0,0,0,0,0,0,0,1,1
SR3-f30f123fd8a66678,0,0,1,1,0,0,0,0,1,1
SR3-2a2ea0ef6dd1f920,0,0,0,1,0,0,0,0,1,1
SR3-ac0b4dbd2ebbe1a9,0,0,0,0,0,0,0,0,1,1
SR3-cafc6b1b86b335a8,0,0,0,0,0,0,0,0,1,1
SR3-6cff0f300abc5f47,0,0,0,0,0,0,0,0,1,1
SR3-8165fe18a58b4b65,0,0,1,1,0,0,0,0,1,1
SR3-5684c0c48076a6b8,0,0,0,1,0,0,0,0,1,1
SR3-725d502119d2a116,1,1,1,1,1,1,0,0,0,0
SR3-eca77a9b89074a11,0,0,0,1,0,0,0,0,1,1
SR3-5dd3fefacdf5fafe,0,0,1,0,0,0,0,0,1,1
SR3-ec1c79c15bdadcd7,0,0,0,0,0,0,0,0,1,1
SR3-ca89d19899454dd2,0,0,0,0,0,0,0,0,1,1
SR3-e68ba3d4ffd6d358,0,0,0,0,0,0,0,0,1,1
SR3-e45017a07a31f19f,0,0,1,1,0,1,0,0,1,0
SR3-9a29ca7f8a87ef4c,1,1,1,1,1,1,0,0,0,0
SR3-02ac912da3f90fa5,1,1,1,1,1,1,0,0,0,0
SR3-81ca3a8ac5c4f4df,0,0,1,1,0,0,0,0,1,1
SR3-b1419974607598df,0,0,0,0,0,0,0,0,1,1
SR3-d0d2a152a1468422,0,0,0,0,0,0,0,0,1,1
SR3-36dc061b1483bd7f,0,0,1,1,0,0,0,0,1,1
SR3-4b8b16b04f1b5fc7,0,0,0,0,0,0,0,0,1,1
SR3-07eb5387d6972930,0,0,1,1,1,1,0,0,0,0
SR3-6c40412190122983,0,0,0,0,0,0,0,0,1,1
SR3-f855262f1a6ae570,0,0,1,1,0,0,0,0,1,1
SR3-8c4e5307ef610c84,0,0,1,1,0,0,0,0,1,1
SR3-ac547794a2799f3e,0,0,0,0,0,0,0,0,1,1
SR3-4de7f622c4716c46,0,0,1,1,0,0,0,0,1,1
SR3-f3a2e20dc93ca65a,1,1,1,1,1,1,0,0,0,0
SR3-2502492ff72a2ac4,0,0,1,1,0,0,0,0,1,1
SR3-a53e62c6f20836fe,0,0,0,0,0,0,0,0,1,1
SR3-75c2674bae42100c,0,0,0,0,0,0,0,0,1,1
SR3-c0185c802bdf6be0,0,0,0,0,0,0,0,0,1,1
SR3-34300281d14e4bd7,0,0,0,0,0,0,0,0,1,1
SR3-e6e5e3fbf3730ad1,0,0,0,0,0,0,0,0,1,1
SR3-e1f5ad4019a640fc,0,0,0,0,0,0,0,0,1,1
SR3-87e1caeb395f4087,1,1,1,1,1,1,0,0,0,0
SR3-46c3d608e0e597fc,0,0,1,1,1,1,0,0,0,0
SR3-3146108a5460e536,0,0,1,0,0,0,0,0,1,1
SR3-549dd2e31870a74a,1,1,1,1,1,1,0,0,0,0
SR3-5f0695cbd28e6e38,0,0,1,1,0,1,0,0,0,0
SR3-c00ed32a45ccf6d9,0,0,0,0,0,0,0,0,1,1
SR3-4243340e838b6972,0,0,0,0,0,0,0,0,1,1
SR3-10ce90a97ad98e82,0,0,0,0,0,0,0,0,1,1
SR3-f8f39702dbec8454,0,0,0,0,0,0,0,0,1,1
SR3-7787d4b53164d467,0,0,0,0,0,0,0,0,1,1
SR3-3967899f80272198,0,0,0,0,0,0,0,0,1,1
SR3-a7bb516e64776e96,0,0,0,0,0,0,0,0,1,1
SR3-1d93684afaff5a52,0,0,0,0,0,0,0,0,1,1
SR3-de312717929ffbfa,1,1,1,1,1,1,0,0,0,0
SR3-28b9f68c9de7dd50,0,0,0,0,0,0,0,0,1,1
SR3-e7af03b7e6c98458,0,0,0,0,0,0,0,0,1,1
SR3-af2ae4bc15c0cca2,0,0,1,1,0,0,0,0,1,1
SR3-ce8a627888ef0606,0,0,0,0,0,0,0,0,1,1
SR3-e45a34a09c901afd,0,0,1,1,0,0,0,0,1,1
SR3-0ab7da7da43a3047,0,0,1,0,0,0,0,0,1,1
SR3-bcf4b5d0f795aa13,0,0,0,0,0,0,0,0,1,1
SR3-d5dee999b5d0377f,1,0,1,1,1,1,0,0,0,0
SR3-716e7cd9944d25a3,1,0,1,1,0,1,0,0,1,0
SR3-f3e8021dd9f8bf04,0,0,1,1,1,1,0,0,0,0
SR3-039e6a8ffbd76449,0,0,1,1,1,1,0,0,0,0
SR3-c75f35b9f8cb0060,0,0,0,0,0,0,0,0,1,1
SR3-a1f95e853b374476,0,0,0,0,0,0,0,0,1,1
SR3-b94ed03ece29ce39,0,0,1,0,0,0,0,0,1,1
SR3-ea1a0efe87c6907c,1,1,1,1,0,1,0,0,1,0
SR3-de6d895822940cb5,0,0,1,1,0,0,0,0,1,1
SR3-15076e0b7747e73a,0,0,0,0,0,0,0,0,1,1
SR3-f644ea43c818d95e,0,0,1,1,1,1,0,0,0,0
SR3-3b584294f9077cfb,0,0,0,0,0,0,0,0,1,1
SR3-4e2de0e7082310a2,0,0,1,1,0,0,0,0,1,1
SR3-7f78d21c1a910fbe,0,0,0,0,0,0,0,0,1,1
SR3-f2899569414a19cf,0,0,0,0,0,0,0,0,1,1
SR3-df6da6611c52ef84,0,0,1,1,1,1,0,0,0,0
SR3-2b094983089df99d,0,0,0,1,0,0,0,0,1,1
SR3-9db0d00211c2b2c2,0,0,0,0,0,0,0,0,1,1
SR3-f9e9a731fea09cd6,0,0,1,0,1,1,0,0,0,0
SR3-3335e0a5c4684c2e,0,0,1,0,0,0,0,0,1,1
SR3-cef2498f613dbda9,1,0,1,0,1,0,0,0,0,0
SR3-0ba675f739b92930,0,0,0,0,0,0,0,0,1,1
SR3-e71c9caf07adc9a1,1,1,1,1,1,1,0,0,0,0
SR3-d0f48c5ca3953a4a,0,0,1,1,0,0,0,0,1,1
SR3-038d7d879a195404,0,0,0,1,0,0,0,0,1,1
SR3-5a0552605141fabd,0,0,1,1,1,1,0,0,0,0
SR3-4143c5040401bb29,0,0,0,0,0,0,0,0,1,1
SR3-e521d8b254e6bb0f,0,0,1,1,0,0,0,0,1,1
SR3-b18d1c865e5bb93c,0,0,1,1,1,1,0,0,0,0
SR3-aee8fbcca616fc41,0,0,0,0,0,0,0,0,1,1
SR3-73b919087a5a8125,0,0,0,0,0,0,0,0,1,1
SR3-6f47327bab6ca147,0,0,0,0,0,0,0,0,1,1
SR3-d10006c5502c1262,0,0,1,0,0,0,0,0,1,1
SR3-d894dac36026e5d4,0,0,0,0,0,0,0,0,1,1
SR3-eaa3f8f35dfe8d53,0,0,1,1,0,0,0,0,1,1
SR3-798935617435587b,0,0,0,0,0,0,0,0,1,1
SR3-c5a6900952d2d200,0,0,0,1,0,0,0,0,1,1
SR3-eb7353f41f57cff6,0,0,0,0,0,0,0,0,1,1
SR3-1d9df315d83d60ac,0,0,0,1,0,0,0,0,1,1
SR3-4ad160d44cad1550,0,0,0,0,0,0,0,0,1,1
SR3-9d9a1990207302c3,0,0,0,0,0,0,0,0,1,1
SR3-c3c94f42eca621b4,0,0,0,0,0,0,0,0,1,1
SR3-c268ad286b5e5a8a,0,0,0,1,0,0,0,0,1,1
SR3-a3a824fd2a1bc9ae,0,0,0,0,0,0,0,0,1,1
SR3-6bef895dd4057fd3,0,0,0,0,0,0,0,0,1,1
SR3-5514c92bd9afb50a,0,0,0,0,0,0,0,0,1,1
SR3-a8a7960058d8494b,0,0,1,1,0,1,0,0,0,0
SR3-b7ae3ba8c7ee7a23,0,0,1,0,0,0,0,0,1,1
SR3-c2ab9c48ef9a26ac,0,0,0,0,0,0,0,0,1,1
SR3-3e7d9d12475285fb,0,0,1,1,1,1,0,0,0,0
SR3-b2038af4841a1b38,1,0,1,1,1,1,0,0,0,0
SR3-6c3b4071c88dd09a,0,0,1,0,1,0,0,0,0,0
SR3-9e69e7f2395ac499,0,0,0,0,0,0,0,0,1,1
SR3-24997fe72c417392,0,0,0,0,0,0,0,0,1,1
SR3-b6a9682a20645664,0,0,0,0,0,0,0,0,1,1
SR3-948fd92f1a2a0077,1,1,1,1,1,1,0,0,0,0
SR3-69285d83bdfc81b0,0,0,1,1,0,0,0,0,1,1
SR3-00bef7c75fd5b434,0,0,1,1,1,1,0,0,0,0
SR3-d91fcfabd02e109c,0,0,1,0,0,0,0,0,0,0
SR3-04f5dbef87893ea6,0,0,0,0,0,0,0,0,1,1
SR3-50e028a8a05c31a1,1,0,1,1,0,0,0,0,1,1
SR3-1f032322a9b52673,0,0,1,0,0,0,0,0,1,1
SR3-6a14361e2f144fa5,0,0,0,1,0,0,0,0,1,1
SR3-84fbda144aeb9118,0,0,0,0,0,0,0,0,1,1
SR3-5eab757f74b73f5f,0,0,1,0,0,0,0,0,0,0
SR3-237446871fe91c5d,0,0,0,0,0,0,0,0,1,1
SR3-0ad166ae0b5b86ce,0,0,0,0,0,0,0,0,1,1
SR3-709dfa1f5a88b845,0,0,1,1,1,1,0,0,0,0
SR3-768a0e4c39967b72,0,0,0,0,0,0,0,0,1,1
SR3-39ac309723146782,0,0,1,1,1,1,0,0,0,0
SR3-8877c0f4b5a9222b,0,0,0,0,0,0,0,0,1,1
SR3-3f6114e467152e8c,0,0,0,0,0,0,0,0,1,1
SR3-af60ef60d79ffee1,0,0,0,1,0,0,0,0,1,1
SR3-e2f771d2722a1176,0,0,0,0,0,0,0,0,1,1
SR3-e7be8ecae0690103,0,0,1,1,0,0,0,0,1,1
SR3-03cf2fb7d4ab4f17,0,0,0,0,0,0,0,0,1,1
SR3-2120a09731c5f3da,1,0,1,1,0,0,0,0,1,1
SR3-04282ea019a2fffb,0,0,0,0,0,0,0,0,1,1
SR3-2ea8514dc2a1f0a5,0,0,0,0,0,0,0,0,1,1
SR3-7f19e4e04bd5b3a2,0,0,0,0,0,0,0,0,1,1
SR3-be269057be012c0d,0,0,0,0,0,0,0,0,1,1
SR3-92c44f1630f6a090,0,0,0,0,0,0,0,0,1,1
SR3-0a5940a126d34c53,0,0,1,0,0,0,0,0,1,1
SR3-d9af8d69b7ed502b,0,0,1,1,1,0,0,0,0,0
SR3-438f5503ff585a22,0,0,1,1,1,1,0,0,0,0
SR3-575803dac43e2e61,0,0,0,0,0,0,0,0,1,1
SR3-32cc7b787845a350,0,0,0,1,0,0,0,0,1,1
SR3-c289fd848cafa787,0,0,0,0,0,0,0,0,1,1
SR3-78c593b7d7705f79,0,0,0,0,0,0,0,0,1,1
SR3-9975fb1fc683fd50,0,0,0,0,0,0,0,0,1,1
SR3-28064f2bdb3a87cc,0,0,0,0,0,0,0,0,1,1
SR3-84d855d39ee692e0,0,0,0,0,0,0,0,0,1,1
SR3-fcc23733f63bc3bc,0,0,0,0,0,0,0,0,1,1
SR3-506bbfd58a70ccec,0,0,1,0,0,0,0,0,1,1
SR3-00412b146b04c4d2,1,1,1,1,0,0,0,0,1,1
SR3-646a875166bd35f4,0,0,0,0,0,0,0,0,1,1
SR3-3ef8ad6e54932091,0,0,0,1,0,0,0,0,1,1
SR3-711de788ed49c740,0,0,1,1,0,0,0,0,1,1
SR3-29f2d3c4b55d30b3,0,0,0,0,0,0,0,0,1,1
SR3-94aa78c90ef62481,0,0,1,1,1,1,0,0,0,0
SR3-2a24ce8b6f423f07,0,0,1,1,1,0,0,0,0,0
SR3-5c9c7b5e7fb3e04c,0,0,1,0,0,0,0,0,1,1
SR3-566e219bd86b1243,0,0,0,0,0,0,0,0,1,1
SR3-1c730ac7527ece74,0,0,0,0,0,0,0,0,1,1
SR3-9f6f9cd08bdd86ac,0,0,0,0,0,0,0,0,1,1
SR3-20ecf1a163f0d4fc,0,0,1,1,0,0,0,0,1,1
SR3-66ea799845e0fa20,0,0,0,0,0,0,0,0,1,1
SR3-f9e88e853eeb0a93,0,0,1,0,1,1,0,0,0,0
SR3-46cf037717a3f9d3,0,0,0,0,0,0,0,0,1,1
SR3-0088d1dae2e1b0a2,0,0,0,0,0,0,0,0,1,1
SR3-33aaf04550643833,0,0,0,0,0,0,0,0,1,1
SR3-5054500eab915233,0,0,1,1,0,0,0,0,1,1
SR3-900eb24404d0d87b,0,0,1,1,1,0,0,0,0,0
SR3-adbc98fc07bcbd81,0,0,0,0,0,0,0,0,1,1
SR3-0b31f9c6fbbda8a6,0,0,1,1,0,1,0,0,0,0
SR3-ac4f2afac1cf6463,0,0,0,0,0,0,0,0,1,1
SR3-04479db991a0f6ca,0,0,0,1,0,0,0,0,1,1
SR3-bf6be2b35a0b29a9,0,0,1,1,0,0,0,0,1,1
SR3-b1501905971768ca,0,0,0,0,0,0,0,0,1,1
SR3-9bebd158cf2c0f8f,0,0,0,0,0,0,0,0,1,1
SR3-158555f3ba65e7c5,0,0,1,0,0,0,0,0,1,1
SR3-179a500a048b9d8d,0,0,1,1,0,0,0,0,1,1
SR3-c603adc302443be6,1,0,1,1,0,0,0,0,1,1
SR3-824c0ca7705eea5c,0,0,0,0,0,0,0,0,1,1
SR3-c58081c5e44f89eb,0,0,0,0,0,0,0,0,1,1
SR3-4d9a3939feeb21d9,1,1,1,1,1,1,0,0,0,0
SR3-5516374e155ec5d4,0,0,0,0,0,0,0,0,1,1
SR3-8f14f99ab602555e,0,0,1,1,0,0,0,0,1,1
SR3-c34172dbc563b0a2,0,0,0,0,0,0,0,0,1,1
SR3-f2ad6a55d5ad9ec0,0,0,0,0,0,0,1,1,1,0
SR3-9ceb20fa5ff492c8,0,0,0,0,0,0,0,0,1,1
SR3-d3ce3313fe0f8062,0,0,0,0,0,0,0,0,1,1
SR3-91f961fa75d38701,0,0,0,0,0,0,0,0,1,1
SR3-5823684a20e5fdbd,0,0,0,0,0,0,0,0,1,1
SR3-c60daba5d6f55211,0,0,0,0,0,0,0,0,1,1
SR3-11ed3ba3dea167a6,0,0,1,0,1,1,0,0,0,0
SR3-fbad6fd47668239b,0,0,1,1,1,0,0,0,0,0
SR3-a7a7c5880de453a2,0,0,0,1,0,0,0,0,1,1
SR3-ca2cdb5de866e8c0,1,0,1,1,1,1,0,0,0,0
SR3-eb620f53b1b2b1c5,0,0,0,0,0,0,0,0,1,1
SR3-3bc5f5133504be93,0,0,0,0,0,0,0,0,1,1
SR3-bd0eb6c7d0870d1c,0,0,1,1,0,1,0,0,0,0
SR3-7de230524be85f53,0,0,1,1,0,0,0,0,1,1
SR3-5473401c424272c5,0,0,1,1,1,1,0,0,0,0
SR3-7b226ac45b6845cb,0,0,1,1,0,0,0,0,1,1
SR3-fdb1e32dcc1f8197,0,0,0,0,0,0,0,0,1,1
SR3-9abc18628da47551,0,0,1,1,1,1,0,0,0,0
SR3-0c1db494c7f69122,0,0,0,0,0,0,0,0,1,1
SR3-3169776ecc3bdaa6,1,1,1,1,1,1,0,0,0,0
SR3-0d4a87c5a43c51ad,0,0,0,0,0,0,0,0,1,1
SR3-11eeb796ee16fcbc,0,0,0,0,0,0,0,0,1,1
SR3-ff6f8998589399b3,0,0,0,0,0,0,0,0,1,1
SR3-40323dc6747de410,0,0,1,1,0,0,0,0,1,1
SR3-27b9ea343ae0ec9f,0,0,0,0,0,0,0,0,1,1
SR3-5301150b616bc014,0,0,0,0,0,0,0,0,1,1
SR3-40daa7e2c7f2c430,1,1,1,1,1,1,0,0,0,0
SR3-c60562479796a347,0,0,1,0,0,0,0,0,1,1
SR3-cea10f18cc29e060,0,0,0,0,0,0,0,0,1,1
SR3-91aeb7aa8d8eb0e7,0,0,1,0,0,1,0,0,0,0
SR3-138ca2173b1e2863,0,0,1,1,0,0,0,0,1,1
SR3-21bb2acb2bc210f7,0,0,0,0,0,0,0,0,1,1
SR3-f7ff06fef8e0b3ff,0,0,0,0,0,0,0,0,1,1
SR3-97f75e33bab66787,0,0,1,0,0,0,0,0,1,1
SR3-19b5b420538e11a7,0,0,1,0,0,1,0,0,0,0
SR3-a085122ce7341728,0,0,0,0,0,0,0,0,1,1
SR3-49180f13458c3c78,0,0,1,0,0,0,0,0,0,0
SR3-632468ad98839ee3,1,1,1,1,1,1,0,0,0,0
SR3-f0776ac38683596b,1,0,1,1,1,1,0,0,0,0
SR3-841b8f206a9b4392,0,0,1,1,0,0,0,0,1,1
SR3-eed97a119987ea91,0,0,0,0,0,0,0,0,1,1
SR3-2157e6b65240bc8d,0,0,1,1,0,0,0,0,1,1
SR3-d611b70a3132bb29,0,0,1,1,0,1,0,0,1,0
SR3-326c65b7716ba87d,0,0,0,0,0,0,0,0,1,1
SR3-1c627c765aee1a1b,0,0,0,0,0,0,0,0,1,1
SR3-f46d15a7c6b393e6,0,0,0,1,0,0,0,0,1,1
SR3-378506399d75ec9a,0,0,0,1,0,0,0,0,1,1
SR3-6db9ee5df17cc01b,0,0,0,1,0,0,0,0,1,1
SR3-5b69537432a97122,0,0,0,1,0,0,0,0,1,1
SR3-2ed411f1951b3d3a,0,0,0,0,0,0,0,0,1,1
SR3-bf1171c7d4861510,0,0,1,0,0,0,0,0,1,1
SR3-cb1d25486a2092e8,0,0,1,1,1,1,0,0,0,0
SR3-4db1cad48f037eda,0,0,1,1,0,0,0,0,1,1
SR3-d8faf58c1c0321ca,0,0,0,0,0,0,0,0,1,1
SR3-13ac5d3886fc92ea,1,1,1,1,1,1,0,0,0,0
SR3-4edcdc01dd86681f,0,0,0,0,0,0,0,0,1,1
SR3-c3f0d1534fbbab63,0,0,1,0,0,0,0,0,1,1
SR3-07f7c7dd265c0ba1,0,0,0,0,0,0,0,0,1,1
SR3-5c3d771071bbda85,0,0,1,1,0,0,0,0,1,1
SR3-06a067f80e112a8a,0,0,0,0,0,0,0,0,1,1
SR3-2e76ce9130d969cf,0,0,1,1,0,0,0,0,1,1
SR3-e26a92fc3218180c,0,0,0,0,0,0,0,0,1,1
SR3-ba19e41f4f6085d7,0,0,0,0,0,0,0,0,1,1
SR3-09684904f5cd2616,0,0,0,0,0,0,0,0,1,1
SR3-e2c9a1623b21dff3,0,0,0,0,0,0,0,0,1,1
SR3-29b3eb00878f9170,0,0,0,0,0,0,0,0,1,1
SR3-bd2c7bbea0ad46c5,0,0,0,0,0,0,0,0,1,1
SR3-1ddab7071c05717e,1,1,1,1,0,0,0,0,1,1
SR3-440d4b4ed0b30d77,0,0,0,0,0,0,0,0,1,1
SR3-fd43c01c11d88f16,0,0,1,1,1,1,0,0,0,0
SR3-0d9a273f0a0cc68d,0,0,1,1,1,1,0,0,0,0
SR3-165d38398690f030,0,0,0,1,0,0,0,0,1,1
SR3-b54ee7861ff8c352,0,0,0,0,0,0,0,0,1,1
SR3-100778472c853fd0,0,0,0,0,0,0,0,0,1,1
SR3-220a95f6bdce1258,0,0,0,0,0,0,0,0,1,1
SR3-4791cb50749ea22f,0,0,1,0,0,0,0,0,1,1
SR3-8a00c0ca69894317,0,0,0,0,0,0,0,0,1,1
SR3-1dbca5e5af0155b6,0,0,1,1,0,0,0,0,1,1
SR3-753c939ddbc79086,0,0,0,0,0,0,0,0,1,1
SR3-b4d9ce4a7a8a0ec6,0,0,0,1,0,0,0,0,1,1
SR3-1d3ecb5a7291d040,0,0,0,0,0,0,0,0,1,1
SR3-13fede8d511b8b60,0,0,0,0,0,0,0,0,1,1
SR3-5f182fad2478eb64,0,0,0,0,0,0,0,0,1,1
SR3-fad4bc8c6e00684c,0,0,0,0,0,0,0,0,1,1
SR3-462547c62b05f51a,0,0,1,1,1,0,0,0,0,0
SR3-eb8c9e3ac8d89387,0,0,0,0,0,0,0,0,1,1
SR3-2c3ce44ad66aec56,0,0,1,0,0,0,0,0,1,1
SR3-86c241de7a94f7a3,0,0,0,0,0,0,0,0,1,1
SR3-a938d62473d90a2f,0,0,0,0,0,0,0,0,1,1
SR3-a8005215a4c1436b,0,0,1,1,1,1,0,0,0,0
SR3-6005e98c7d363a28,0,0,1,1,0,1,0,0,0,0
SR3-07871a86eb3321f3,0,0,0,0,0,0,0,0,1,1
SR3-10bdc8eb2ed2b193,0,0,0,0,0,0,1,1,0,0
SR3-bef7e9b7203bd01c,0,0,0,0,0,0,0,0,1,1
SR3-9996a576c1585ede,0,0,0,0,0,0,0,0,1,1
SR3-78f1401a6574e73b,0,0,0,0,0,0,0,0,1,1
SR3-a68d93d7e352d654,0,0,0,0,0,0,0,0,1,1
SR3-de06e74c9f9ea046,0,0,1,1,1,1,0,0,0,0
SR3-7596c37344380d05,0,0,0,0,0,0,0,0,1,1
SR3-1fd0999c5aeecf78,0,0,0,0,0,0,0,0,1,1
SR3-ce4d5056a4436cf4,0,0,0,0,0,0,0,0,1,1
SR3-e6aeeb1cbcc747c4,1,0,1,1,1,1,0,0,0,0
SR3-6231f27c9697d64a,1,0,1,1,0,0,0,0,1,1
SR3-987cfedcd7979f4e,0,0,0,1,0,0,0,0,1,1
SR3-f2f2cf0fb69fe383,1,1,1,1,1,1,0,0,0,0
SR3-442708adffa4eabc,0,0,1,1,1,1,0,0,0,0
SR3-3c4f0dfca80fbb32,0,0,0,0,0,0,0,0,1,1
SR3-dea6be65de8d8f3e,0,0,1,0,1,1,0,0,0,0
SR3-aae7a83d7bbc040f,0,0,0,1,0,0,0,0,1,1
SR3-6ce9664435a63ab4,1,0,1,1,0,0,0,0,1,1
SR3-30da00bf4c1c9247,0,0,0,0,0,0,0,0,1,1
SR3-4788a38a8f004915,0,0,0,0,0,0,0,0,1,1
SR3-68e53e129c5955b3,1,0,1,1,0,0,0,0,1,1
SR3-dc51512c3a8aec32,0,0,0,1,0,0,0,0,1,1
SR3-0d8968b9f1baf9f5,0,0,1,1,1,1,0,0,0,0
SR3-3775f53ad3e9150a,0,0,0,1,0,0,0,0,1,1
SR3-199e4deb7725c358,1,0,1,1,0,0,0,0,1,1
SR3-6b4087a1ff74648b,0,0,1,1,0,0,0,0,1,1
SR3-f68b19bbd46835a1,0,0,1,0,0,0,0,0,1,1
SR3-37dadc3a3274a4c0,0,0,0,0,0,0,0,0,1,1
SR3-cb48925a3b79c370,0,0,0,1,0,0,0,0,1,1
SR3-2ba41bbe21cb1cc2,0,0,0,0,0,0,0,0,1,1
SR3-fcdaf2818e63f4c1,0,0,1,1,1,1,0,0,0,0
SR3-2fd75fe7aecafef2,1,1,1,1,1,1,0,0,0,0
SR3-1917174d5ec85152,1,1,1,1,1,1,0,0,0,0
SR3-eb9d83a66edeb5de,1,0,1,1,0,1,0,0,0,0
SR3-2c49f5dfb1537595,0,0,0,0,0,0,0,0,1,1
SR3-0cd6ad24b5c195bd,0,0,1,1,1,1,0,0,0,0
SR3-c4d9b1f7f05bc97d,0,0,0,1,0,0,0,0,1,1
SR3-0fcceb15801160a7,1,0,1,1,1,1,0,0,0,0
SR3-d93862d330e0f306,0,0,0,0,0,0,0,0,1,1
SR3-0ce2209a4b54e380,0,0,0,1,0,0,0,0,1,1
SR3-68b5bdab7d21b390,0,0,0,1,0,0,0,0,1,1
SR3-de6fd9227d1172ea,0,0,0,0,0,0,0,0,1,1
SR3-d8ee4bbda0d59b9e,0,0,1,0,1,1,0,0,0,0
SR3-95f0bcf22fcc87f4,0,0,1,0,0,0,0,0,1,1
SR3-50a571846c37fcb5,0,0,1,0,0,0,0,0,1,1
SR3-d53ca9c0ede80045,0,0,1,1,0,0,0,0,0,0
SR3-81dd387c4dffb4f9,0,0,1,0,1,1,0,0,0,0
SR3-78ee741a3837d6c7,1,0,1,1,1,0,0,0,0,0
SR3-5b08faa9786a46a7,0,0,0,1,0,0,0,0,1,1
SR3-cfd72ca086fe500d,0,0,1,1,1,1,0,0,0,0
SR3-330592e28081c41c,0,0,0,0,0,0,0,0,1,1
SR3-d0ad2c086ddfc46a,0,0,0,0,0,0,0,0,1,1
SR3-47fd3cbb5396606f,0,0,0,0,0,0,0,0,1,1
SR3-9ff3ddc1f58689f4,0,0,0,0,0,0,0,0,1,1
SR3-6c3f187f820ec2c1,0,0,0,0,0,0,0,0,1,1
SR3-2568f4ca50f5a30a,0,0,1,1,1,1,0,0,0,0
SR3-d56dd55350ebd82c,0,0,0,0,0,0,0,0,1,1
SR3-e95da418923d70c2,0,0,0,0,0,0,0,0,1,1
SR3-960f4a204e9a7478,0,0,1,0,0,0,0,0,0,0
SR3-7c155f890a34a8e6,0,0,0,0,0,0,0,0,1,1
SR3-a8cf99a24a5daa70,0,0,0,0,0,0,0,0,1,1
SR3-2157651f5a838dcf,0,0,1,1,0,1,0,0,0,0
SR3-9ac761e3511d3df8,0,0,0,0,0,0,0,0,1,1
SR3-a2ae29f5f126a265,0,0,1,0,1,0,0,0,0,0
SR3-08a5dfef10bfe5f0,0,0,0,0,0,0,0,0,1,1
SR3-a1b57ffea7245172,0,0,0,0,0,0,0,0,1,1
SR3-8af0a13d1eea2825,1,1,1,1,1,1,0,0,0,0
SR3-942d774766884430,0,0,1,0,0,0,0,0,0,0
SR3-d52b934dab75e8b0,0,0,1,1,1,0,0,0,0,0
SR3-67c5bce3a1e479dc,0,0,1,0,1,0,0,0,0,0
SR3-41527f8d287fe03d,0,0,0,1,0,0,0,0,1,1
SR3-68e0b481f2ec5eef,1,1,1,1,1,1,0,0,0,0
SR3-ba1f6687333ce014,0,0,0,0,0,0,0,0,1,1
SR3-44bd21d963fd72ad,0,0,1,1,1,1,0,0,0,0
SR3-4c9eb8bd7eb5ae91,0,0,0,1,0,0,0,0,1,1
SR3-26087dbc3412739c,0,0,0,0,0,0,0,0,1,1
SR3-50759ae1cd9f649b,0,0,0,0,0,0,0,0,1,1
SR3-07ee8088a6423bb5,1,1,1,1,1,1,0,0,0,0
SR3-4083e843b2869196,0,0,0,0,0,0,0,0,1,1
SR3-647f1697168876a4,0,0,0,0,0,0,0,0,1,1
SR3-1855bbdf96e00177,0,0,0,0,0,0,0,0,1,1
SR3-88b4280a32eda90d,1,0,1,1,1,1,0,0,0,0
SR3-41fc2d58f4c9dc2d,1,1,1,1,1,1,0,0,0,0
SR3-f7efb264359e3218,0,0,1,0,0,1,0,0,0,0
SR3-83de2f75585b956c,0,0,1,1,1,1,0,0,0,0
SR3-f94193fa974ad9b8,0,0,0,0,0,0,0,0,1,1
SR3-9d177258e6e79f2d,0,0,1,1,1,1,0,0,0,0
SR3-b8db9d6da8114710,1,0,1,1,1,1,0,0,0,0
SR3-cd1fdb6f43e9af4a,0,0,0,0,0,0,0,0,1,1
SR3-d8bebd22329beb7f,0,0,1,1,0,0,0,0,1,1
SR3-9df676b7987522fa,0,0,0,1,0,0,0,0,1,1
SR3-1494f54bbe33bc0c,0,0,0,0,0,0,0,0,1,1
SR3-57f607b79d4652d4,0,0,1,1,1,1,0,0,0,0
SR3-64d31c27c0f1e048,0,0,0,0,0,0,0,0,1,1
SR3-9e3f984dc0991c0a,0,0,0,0,0,0,0,0,1,1
SR3-2a0cb370d85a2d4d,0,0,0,1,0,0,0,0,1,1
SR3-08cc330c22a23ec2,0,0,1,0,0,0,0,0,1,1
SR3-c31abf7307dc259a,0,0,1,1,0,0,0,0,1,1
SR3-95200c09574eaf22,0,0,0,0,0,0,0,0,1,1
SR3-58eefee0caeea2b1,0,0,0,0,0,0,0,0,1,1
SR3-4d1344bd56e24396,0,0,0,0,0,0,0,0,1,1
SR3-f90017d1d002ca8c,1,0,1,1,1,1,0,0,0,0
SR3-3a266d678b889dd7,0,0,0,0,0,0,0,0,1,1
SR3-67fd2204fb2d8c98,0,0,0,0,0,0,0,0,1,1
SR3-ddd1eab9388edd77,0,0,0,0,0,0,0,0,1,1
SR3-798127b1ebae86a0,0,0,1,1,0,0,0,0,1,1
SR3-25ba4e6671a7f0fd,0,0,0,0,0,0,0,0,1,1
SR3-74c7dfa285c835b1,0,0,0,1,0,0,0,0,1,1
SR3-83340b38d4431eeb,0,0,0,0,0,0,0,0,1,1
SR3-3216f363fe163c76,0,0,1,1,0,1,0,0,0,0
SR3-77bb67cbd77fba31,1,0,1,1,1,1,0,0,0,0
SR3-e303935e62f8a9c7,0,0,0,0,0,0,0,0,1,1
SR3-eab797b992a2f308,0,0,1,0,1,0,0,0,0,0
SR3-24e0a6db66670f4f,0,0,1,1,0,0,0,0,1,1
SR3-b2e37c547219abdf,0,0,0,0,0,0,0,0,1,1
SR3-3d3e6d2461e06ee4,0,0,0,1,0,0,0,0,1,1
SR3-b2d3c102e92b5340,0,0,1,1,1,1,0,0,0,0
SR3-fc9565e0b98d47d0,0,0,1,1,1,1,0,0,0,0
SR3-8540e69e6b69f13a,0,0,0,0,0,0,0,0,1,1
SR3-f26a7af6372910d1,0,0,1,0,0,0,0,0,1,1
SR3-196077200cfbe81f,0,0,0,0,0,0,0,0,1,1
SR3-a1ac2688f7245df8,0,0,0,0,0,0,0,0,1,1
SR3-b8a252c649adc59f,1,1,1,1,1,1,0,0,0,0
SR3-2a03194afbbee42e,0,0,0,0,0,0,0,0,1,1
SR3-ba22176361b55451,0,0,0,0,0,0,0,0,1,1
SR3-66ffc15e1c22c3e3,0,0,0,0,0,0,0,0,1,1
SR3-e50f7765883391c1,0,0,1,1,0,0,0,0,1,1
SR3-0d4801d3e8b5db68,0,0,0,0,0,0,0,0,1,1
SR3-3cc94cb805a79406,0,0,1,1,1,1,0,0,0,0
SR3-8a251fa040d2d9b1,0,0,1,0,0,0,0,0,1,1
SR3-c45cdff913107b6e,0,0,0,0,0,0,0,0,1,1
SR3-2ea4493e8a1411c3,0,0,0,0,0,0,0,0,1,1
SR3-4b5e4dbe74393af1,0,0,0,0,0,0,0,0,1,1
SR3-d492413bf497189e,0,0,1,1,0,0,0,0,1,1
SR3-d2f9211a02a4c4b1,0,0,0,0,0,0,0,0,1,1
SR3-a6aa9653044e9e8f,0,0,0,0,0,0,0,0,1,1
SR3-0707ea29cbb14a1a,0,0,1,1,1,1,0,0,0,0
SR3-b396c35e7ec8d4ee,0,0,1,1,1,1,0,0,0,0
SR3-8a449ed5c4b14e43,0,0,0,0,0,0,0,0,1,1
SR3-2ed48e0096775ec4,0,0,1,1,0,0,0,0,1,1
SR3-1adfa3f2f1d37f05,0,0,0,0,0,0,0,0,1,1
SR3-81ef7133424daac9,0,0,0,0,0,0,0,0,1,1
SR3-76c72643495ff50a,0,0,0,0,0,0,0,0,1,1
SR3-f853fc1b99110157,0,0,0,1,0,0,0,0,1,1
SR3-c918b724ed4cef5a,0,0,1,0,1,1,0,0,0,0
SR3-a04e852b9017b114,0,0,1,1,0,0,0,0,1,1
SR3-7050f8c56bbb5174,0,0,1,1,1,0,0,0,0,0
SR3-0386ccf338a4fc01,0,0,1,1,1,1,0,0,0,0
SR3-aaeaf09e4ce9d41b,0,0,1,1,0,0,0,0,1,1
SR3-e60f165148ab7364,0,0,1,1,1,1,0,0,0,0
SR3-b8d6025ff030a48d,0,0,0,0,0,0,0,0,1,1
SR3-836738c84eb1d8ef,0,0,0,0,0,0,0,0,1,1
SR3-c170c0f2ba702861,1,0,1,1,1,1,0,0,0,0
SR3-8b600f251f3d02e7,0,0,0,1,0,0,0,0,1,1
SR3-75ead444b2672930,0,0,0,0,0,0,0,0,1,1
SR3-1878250d76050acf,0,0,1,1,0,0,0,0,1,1
SR3-c146df17bfd6fa5a,0,0,0,0,0,0,0,0,1,1
SR3-4f2303230708abd5,0,0,1,1,1,1,0,0,0,0
SR3-3644655d5c852098,0,0,0,0,0,0,0,0,1,1
SR3-6554a93555bcc93b,1,0,1,1,1,1,0,0,0,0
SR3-907e0f2db64f905a,1,1,1,1,1,1,0,0,0,0
SR3-f9a4d3f6ec75b399,0,0,1,0,1,1,0,0,0,0
SR3-9990adfa8eb3e304,0,0,1,1,1,1,0,0,0,0
SR3-ac1b9aa44e241e5b,1,0,1,0,0,1,0,0,0,0
SR3-9a25e6c0beb12a0a,0,0,1,0,1,1,0,0,0,0
SR3-906df915915b6dca,0,0,0,0,0,0,0,0,1,1
SR3-5c9159de7ac25c52,0,0,0,0,0,0,0,0,1,1
SR3-d298f519302f0930,0,0,0,1,0,0,0,0,1,1
SR3-c7dadd889782011b,0,0,1,0,0,0,0,0,1,1
SR3-a7ae0a6e24a9bb9b,0,0,0,0,0,0,0,0,1,1
SR3-6bde09c7934b9afa,1,1,1,1,1,1,0,0,0,0
SR3-f80077e331cebed3,0,0,1,1,1,1,0,0,0,0
SR3-18353291510ff0ba,1,1,1,1,0,0,0,0,1,1
SR3-24308bc62310d965,0,0,0,0,0,0,0,0,1,1
SR3-37cba93f3c3c308f,0,0,1,1,1,1,0,0,0,0
SR3-135ddc789559bb78,0,0,1,0,0,0,0,0,1,1
SR3-3120930d50094b2b,0,0,0,0,0,0,0,0,1,1
SR3-c0ededab8841f1f8,0,0,1,1,0,0,0,0,1,1
SR3-072c8a09c5f311d6,0,0,0,0,0,0,0,0,1,1
SR3-e54ce57501d9f9a7,0,0,1,1,0,0,0,0,1,1
SR3-b72520ff68e6250f,0,0,1,0,1,1,0,0,0,0
SR3-b597bd661f623772,0,0,0,0,0,0,0,0,1,1
SR3-21e6cf3f52ed10a5,0,0,0,0,0,0,0,0,1,1
SR3-2779b13a658c1252,0,0,0,0,0,0,1,1,0,0
SR3-e7cce588389cf651,0,0,0,0,0,0,0,0,1,1
SR3-12148ffdc8a60222,0,0,0,0,0,0,0,0,1,1
SR3-22b2347f638bcc27,0,0,0,0,0,0,0,0,1,1
SR3-5f212d2653637d58,1,0,1,1,0,0,0,0,1,1
SR3-e547e5a4eb8789dd,0,0,0,0,0,0,0,0,1,1
SR3-e7778da8e00e7f5e,0,0,0,0,0,0,0,0,1,1
SR3-f6c43eb080c39091,1,0,1,1,1,1,0,0,0,0
SR3-8f0ae20852ea967b,1,0,1,0,1,1,0,0,0,0
SR3-b34fdb29ff132458,0,0,0,0,0,0,0,0,1,1
SR3-b886f9cb87cc060a,0,0,1,1,1,0,0,0,0,0
SR3-f5be6eecbde4dff7,0,0,0,0,0,0,0,0,1,1
SR3-568024605418fff3,1,0,1,1,1,1,0,0,0,0
SR3-d4bce7d617ec8268,1,1,1,1,1,1,0,0,0,0
SR3-ca50cf74d8f1b963,0,0,0,0,0,0,0,0,1,1
SR3-a84fc832b7f72f9c,0,0,0,0,0,0,0,0,1,1
SR3-12e2dc8429914083,0,0,0,1,0,0,0,0,1,1
SR3-1670ccb7f747628e,0,0,0,0,0,0,0,0,1,1
SR3-09dcd08fe8b7f9bd,0,0,0,0,0,0,0,0,1,1
SR3-ab9b347c798cbc87,0,0,1,1,1,0,0,0,0,0
SR3-a42a503fabd79483,0,0,1,0,0,0,0,0,1,1
SR3-da52370122718d5c,0,0,0,0,0,0,0,0,1,1
SR3-e67e6cf6c5cc8a91,1,1,1,1,1,1,0,0,0,0
SR3-7e637dbf50230d08,1,0,1,1,0,0,0,0,1,1
SR3-f2505a0216319729,0,0,1,1,0,0,0,0,0,0
SR3-33480b4228f2e81d,0,0,0,0,0,0,0,0,1,1
SR3-cfb0e8ff372c72a2,1,1,1,1,1,1,0,0,0,0
SR3-bb4c336ea808655d,0,0,1,1,0,0,0,0,1,1
SR3-fcb0c7beb5ece002,0,0,1,1,0,0,0,0,1,1
SR3-51e17efda81edcef,0,0,1,0,1,1,0,0,0,0
SR3-a845f63f0b54cdbc,1,1,1,1,1,1,0,0,0,0
SR3-2629fb48cb6002f1,1,1,1,1,1,1,0,0,0,0
SR3-20491898aab98da0,0,0,0,0,0,0,0,0,1,1
SR3-e51cb9c35f1a0d40,0,0,0,0,0,0,0,0,1,1
SR3-c03c6b3e35d4d54c,0,0,0,1,0,0,0,0,1,1
SR3-813e1456bd09a785,0,0,0,0,0,0,0,0,1,1
SR3-2d21c59371290630,0,0,1,0,0,0,0,0,0,0
SR3-96b72672972db9cd,0,0,1,1,0,0,0,0,1,1
SR3-d782ba38b94831d7,0,0,1,1,0,0,0,0,1,1
SR3-d21c24edee2c2f94,0,0,0,1,0,0,0,0,1,1
SR3-63ef07c3479b7d40,0,0,0,0,0,0,0,0,1,1
SR3-a8994aa9e27dd63e,0,0,0,1,0,0,0,0,1,1
SR3-05f4c49d746c26e6,0,0,0,0,0,0,0,0,1,1
SR3-e70d8b86d2bc7645,0,0,1,1,0,1,0,0,0,0
SR3-08c1de628693c334,0,0,1,0,1,0,0,0,0,0
SR3-92a2dfa254fa4af2,0,0,0,0,0,0,0,0,1,1
SR3-1fb37040c05750ed,1,0,1,1,0,1,0,0,1,0
SR3-2da1ab75623ed4ed,0,0,1,0,0,0,0,0,1,1
SR3-3e380db79ebaa56a,0,0,0,0,0,0,0,0,1,1
SR3-7027edb86fc609ee,1,0,1,0,1,0,0,0,0,0
SR3-4568c27f8c1308fb,0,0,1,1,1,1,0,0,0,0
SR3-fb8b12c1ea239bec,0,0,0,0,0,0,0,0,1,1
SR3-eacc3619f19458de,0,0,1,1,1,1,0,0,0,0
SR3-9125b407128ac7c7,1,1,1,1,1,1,0,0,0,0
SR3-f7ad1304ff350ea5,0,0,0,1,0,0,0,0,1,1
SR3-011331eaeed2d054,0,0,1,1,0,0,0,0,1,1
SR3-76043a403d6cd4fc,0,0,0,0,0,0,0,0,1,1
SR3-8e5be224eb3e2e12,0,0,0,1,0,0,0,0,1,1
SR3-c84ff1119a67cd49,1,0,1,1,1,1,0,0,0,0
SR3-3065c578cff66bb9,0,0,0,0,0,0,0,0,1,1
SR3-b043d605a43cc8c5,1,0,1,1,0,0,0,0,1,1
SR3-bee8f71c3287be4d,0,0,0,0,0,0,0,0,1,1
SR3-c44081309e614496,1,1,1,1,1,1,0,0,0,0
SR3-d1f9d8c915875699,0,0,0,0,0,0,0,0,1,1
SR3-c4b6f3ddf55aba40,0,0,0,0,0,0,0,0,1,1
SR3-11bc49b8b38f0c84,0,0,0,0,0,0,0,0,1,1
SR3-facbf6d7f2951978,0,0,0,0,0,0,0,0,1,1
SR3-d99d3822c557f7b8,0,0,0,0,0,0,0,0,1,1
SR3-a4bf5485cd6b436a,0,0,0,0,0,0,0,0,1,1
SR3-5d29bc1962a4a65d,0,0,1,0,0,0,0,0,1,1
SR3-fe470446a7d2a15e,0,0,0,0,0,0,0,0,1,1
SR3-3c955186c38edc83,0,0,0,0,0,0,0,0,1,1
SR3-6d2171ec28127822,0,0,0,0,0,0,0,0,1,1
SR3-fe778c61c80891f6,0,0,0,0,0,0,0,0,1,1
SR3-aed4cc02334af261,0,0,1,0,0,0,0,0,1,1
SR3-c1e07a6efde95c63,0,0,0,0,0,0,0,0,1,1
SR3-c202c6082b5f9ab2,0,0,0,0,0,0,0,0,1,1
SR3-1b2a3279434d46c0,0,0,0,0,0,0,0,0,1,1
SR3-3b8563105a539fcd,0,0,0,0,0,0,0,0,1,1
SR3-0de2a3a239cc5e31,1,1,1,1,1,1,0,0,0,0
SR3-19de81fab2598250,0,0,1,0,1,1,0,0,0,0
SR3-bce92d55291e993b,0,0,0,1,0,0,0,0,1,1
SR3-73db9c1dae4f5b73,1,1,1,1,1,1,0,0,0,0
SR3-06c84739061aebed,0,0,0,0,0,0,0,0,1,1
SR3-ac0a180b3e3a111e,1,1,1,0,0,0,0,0,1,1
SR3-165e57ee9ad8a747,1,0,1,1,0,1,0,0,0,0
SR3-f4dddebb64b930b0,0,0,1,0,0,0,0,0,1,1
SR3-76ef59152a0e0cf4,0,0,0,1,0,0,0,0,1,1
SR3-532795773531f049,0,0,1,0,0,0,0,0,1,1
SR3-dd174930cb139989,0,0,1,1,0,0,0,0,1,1
SR3-034339091e0bc7b3,0,0,0,0,0,0,0,0,1,1
SR3-219ae37fadaf0890,0,0,0,1,0,0,0,0,1,1
SR3-439d53aeb389ac2a,0,0,1,1,1,1,0,0,0,0
SR3-2ef87efb484210bb,0,0,0,1,0,0,0,0,1,1
SR3-7286974ca00f930a,0,0,1,1,0,1,0,0,0,0
SR3-5de24a3379459948,0,0,0,0,0,0,0,0,1,1
SR3-4cdd2bf33ccef948,0,0,0,0,0,0,0,0,1,1
SR3-edb26ba0c0d08393,0,0,0,0,0,0,0,0,1,1
SR3-8fe431c107b69620,0,0,0,0,0,0,0,0,1,1
SR3-a142b2a9d68a3d7e,0,0,1,1,1,1,0,0,0,0
SR3-856971ffdf362c8d,0,0,0,0,0,0,0,0,1,1
SR3-d95c24e1eaa494de,0,0,0,0,0,0,0,0,1,1
SR3-0b45ffb63140d101,0,0,0,0,0,0,0,0,1,1
SR3-af9d0ab968c3ab39,0,0,0,0,0,0,0,0,1,1
SR3-a1ede13f51f151ee,0,0,0,0,0,0,0,0,1,1
SR3-e39063abc219904c,1,1,1,1,1,1,0,0,0,0
SR3-b2c26b389134b63f,0,0,0,0,0,0,0,0,1,1
SR3-b267f7c809328723,0,0,1,1,0,0,0,0,1,1
SR3-81b4a747c2cc9772,0,0,0,0,0,0,0,0,1,1
SR3-868aef1540a0ef14,0,0,0,0,0,0,0,0,1,1
SR3-46f5d9bb1c867547,0,0,0,0,0,0,0,0,1,1
SR3-15804425e3f674a4,0,0,0,0,0,0,0,0,1,1
SR3-ab912414d609f99a,0,0,0,0,0,0,0,0,1,1
SR3-53c96012addd4074,0,0,0,0,0,0,0,0,1,1
SR3-b72963aaf72e923a,0,0,0,1,0,0,0,0,1,1
SR3-5160d41b2f3508a4,0,0,0,0,0,0,0,0,1,1
SR3-e09a8ba5073ed833,0,0,0,0,0,0,0,0,1,1
SR3-4ddc8c08538cddcb,0,0,0,1,0,0,0,0,1,1
SR3-eff382ae1aba7e3e,0,0,1,0,1,1,0,0,0,0
SR3-d935dd4f5bef5a7c,0,0,0,0,0,0,0,0,1,1
SR3-b891cdfff6bc493e,0,0,0,0,0,0,0,0,1,1
SR3-6e4317f705690771,0,0,1,0,0,0,0,0,1,1
SR3-d38ee49338ce7480,0,0,0,0,0,0,0,0,1,1
SR3-ffe64eab5c5fafd4,0,0,0,0,0,0,0,0,1,1
SR3-41d80172cb4ebcac,1,1,1,1,0,0,0,0,0,0
SR3-d326720843540a21,0,0,0,0,0,0,0,0,1,1
SR3-b2db38b91e4e0300,1,1,1,1,1,1,0,0,0,0
SR3-ebc788baf65dd686,0,0,1,1,0,0,0,0,1,1
SR3-0b2378ffb31544d7,0,0,0,0,0,0,0,0,1,1
SR3-6cd2de613acb0ef1,0,0,0,0,0,0,0,0,1,1
SR3-dbfc7ac9ff0b1da9,1,1,1,1,0,0,0,0,1,1
SR3-98d3ace1ce15bce7,0,0,1,0,0,0,0,0,1,1
SR3-7fb0ed6b7fbba75a,0,0,0,0,0,0,0,0,1,1
SR3-155b388f11c3bd04,0,0,1,0,1,0,0,0,0,0
SR3-e629dfc919f50d4f,1,1,1,1,1,1,0,0,0,0
SR3-0456eb06704cf813,1,0,1,1,0,0,0,0,1,1
SR3-20cf34ace2e09c19,0,0,1,1,0,0,0,0,1,1
SR3-e4836d6f611bcc74,0,0,1,1,1,1,0,0,0,0
SR3-40edea6b9e87076d,0,0,0,1,0,0,0,0,1,1
SR3-4f8f9172a516a561,0,0,0,0,0,0,0,0,1,1
SR3-cd28fc528acee891,0,0,1,1,0,0,0,0,1,1
SR3-160f1cb5ab7173f0,0,0,0,0,0,0,0,0,1,1
SR3-17aeab1b19ea0a83,0,0,0,0,0,0,0,0,1,1
SR3-207fc9f247a89fef,0,0,0,0,0,0,0,0,1,1
SR3-9c2ec4b67fdaa562,1,1,1,1,0,0,0,0,1,1
SR3-043b1e8d76d6b908,0,0,0,0,0,0,0,0,1,1
SR3-a713f21431b82e58,0,0,1,0,1,0,0,0,0,0
SR3-19b122ab730c3756,0,0,1,0,1,1,0,0,0,0
SR3-ea470c7b23e64990,0,0,0,0,0,0,0,0,1,1
SR3-ae6add73f125cdd0,0,0,1,1,1,1,0,0,0,0
SR3-82a6a996578609bb,1,1,1,1,1,1,0,0,0,0
SR3-7a4912951147fad8,0,0,1,1,0,0,0,0,1,1
SR3-7e767a7b76630b78,0,0,0,0,0,0,0,0,1,1
SR3-ac9a98c4f8c5b238,0,0,0,0,0,0,0,0,1,1
SR3-1d88a52cc80fa22b,0,0,0,0,0,0,0,0,1,1
SR3-5aac98c4fd6f9971,0,0,1,1,1,0,0,0,0,0
SR3-1d591e67d8e20903,0,0,0,0,0,0,0,0,1,1
SR3-bbba68e50b976dd2,0,0,0,0,0,0,0,0,1,1
SR3-0b305545d0ac7dd1,0,0,0,0,0,0,0,0,1,1
